{"classes": {"OpenGLApi": ["", "API to comunicate with the graphics card", {"v1render": ["self, vertices", "\n    DEPRECATED\n    :param vertices: vertices to render\n    :return:\n    ", ""], "use_program": ["self, program", "\n    :param program: shader to use\n    :return:\n    ", ""], "render": ["self, info", "\n    :param info: info from the element to render to the scene\n    :return:\n    ", ""], "clear": ["self", "\n    clear color and depth buffer\n    :return:\n    ", ""], "set_camera_transforms": ["self, position, rotation", "\n    :param position: 4x4 matrix\n    :param rotation: 4x4 matrix\n    :return:\n    ", ""], "destroy": ["self", "\n    Destroys vertex and element buffers\n    :return:\n    ", ""]}]}, "methods": {}}