{"classes": {}, "methods": {"make_mesh": ["points, normals, uvs, faces", "\n    :param points: vertices\n    :param normals: normals for each vertex\n    :param uvs: uv for each vertex\n    :param faces: list of vertices forming faces\n    :return: An array with the vertices from a model, and an array containing the faces\n    ", ""], "load_mesh": ["filename:str", "\n    :param filename: File to load\n    :return: An array with the vertices from a model, and an array containing the faces\n    ", ""], "make_colision_mesh": ["vertices, indices", "\n    :param vertices: vertices\n    :param indices: list of vertices for the faces\n    :return: vertices, center and max distance from any vertex to the center\n    ", ""], "make_sprite": ["points=None, texture=None, pixels_per_unit=32, max_size=None, pivot=0, offset=(0, 0)", "\n    Generates new sprite\n    :param points: (optional) points of the sprite in space\n    :param texture: sprite texture\n    :param pixels_per_unit: pixels per unit (default 32)\n    :param max_size: max shape\n    :param pivot: pivot\n    :param offset: offset from the pivot\n    :return: mesh data\n    ", ""], "sprite_frames_by_grid": ["grid=(1, 1)", "\n    :param grid: grid that generates the sprite sheet\n    :return: a list of masks containing every sprite state\n    ", ""], "load_texture": ["route:str", "\n    :param route: route of the texture file\n    :return: texture as a numpy array\n    ", ""]}}