{"classes": {"EntityComponent": ["object", "Base component class", {"update": ["self, entity", "\n    :param entity: Owner of self component\n    :return: None\n    ", ""], "name": ["self", "\n    :return: name\n    ", ""], "call_on_update": ["self", "\n    :return: component has to be called on update? False by default\n    ", ""], "call_on_render": ["self", "\n    :return: component has to be called on render? False by default\n    ", ""], "isColider": ["self", "\n    :return: component has to be called on colisions? False by default\n    ", ""]}], "MeshComponent": ["EntityComponent", "Contains mesh data", {"set_model": ["self, vi", "\n    :param vi: tuple of vertices and face indices\n    :return: None\n    ", ""]}], "TextureComponent": ["EntityComponent", "Contains texture data", {}], "ShaderComponent": ["EntityComponent", "Contains shader program", {}], "Renderable": ["EntityComponent", "Manages renderable related components", {"mesh": ["self", "\n    :return: mesh vertices and mesh indices\n    ", ""], "shader": ["self", "\n    :return: shader program and texture\n    ", ""]}], "SpriteAnimator": ["Renderable", "Renderable able to change uv coordinates over time", {"set_frames": ["self, frames", "\n    :param frames: Arraylike containing uv coordinates for sprites\n    :return: None\n    ", ""], "set_states": ["self, states", "\n    :param states: Arraylike containing Arraylike sequence of frames per state\n    :return: None\n    ", ""], "set_active_state": ["self, index", "\n    :param index: index of the state\n    :return:\n    ", ""], "begin": ["self", "\n    :return:\n    ", ""]}], "EntityComponentRenderable": ["EntityComponent", "Deprecated renderable component", {}], "ColiderComponent": ["EntityComponent", "Manages any colision related event", {"dump_data": ["self, data, impact, datap", "\n    :param data: ray data\n    :param impact: impact method\n    :param datap: mesh data\n    :return:\n    ", ""], "translocated_data": ["self, pivot", "\n    :param pivot: point of reference\n    :return: data with new point of reference\n    ", ""], "translocated_rays": ["self, pivot", "\n    :param pivot: point of reference\n    :return: ray with new point of reference\n    ", ""], "impact": ["self, ray, pivot = np.array((0, 0, 0), dtype=np.float32)", "\n    :param ray: ray\n    :param pivot: pivot\n    :return: ray colides with mesh?\n    ", ""]}]}, "methods": {}}