{"classes": {"GameScene": ["object", "The scene active to display and interact", {"update": ["self, inputs, time", "\n    Method to display every frame\n    :param inputs: inputs elements\n    :param time: time elapsed between frames\n    :return:\n    ", ""], "detect_colisions": ["self", "\n    Detect every impact in scene\n    :return:\n    ", ""], "add_entity": ["self, entity", "\n    DEPRECATED\n    :param entity: new entity for the scene\n    :return:\n    ", ""], "spawn_entity": ["self, entity, position=list((0,0,0)),name=None", "\n    Spawns an entity on a designed position of the scene\n    :param entity: new entity\n    :param position: position\n    :param name: name of the new entity\n    :return:\n    ", ""], "set_GPU": ["self, gpu", "\n    :param gpu: new gpu comunicating object\n    :return:\n    ", ""], "toGPU": ["self, gpuApi", "\n    Sends the scene data to the gpu object\n    :param gpuApi:\n    :return:\n    ", ""], "render": ["self", "\n    Renders the scene\n    :return:\n    ", ""], "set_camera": ["self, entity", "\n    :param entity: New camera\n    :return:\n    ", ""]}]}, "methods": {}}