{"classes": {"Game": ["object", "", {"__init__": ["self, w=512, h=512, title='Game Window', a=None, b=None, scene=GameScene()", "\n    :param w: screen width\n    :param h: screen height\n    :param title: Game name\n    :param a: Unused\n    :param b: Unused\n    :param scene: first scene\n    ", ""], "set_scene": ["self, scene", "\n    :param scene: set new scene\n    :return:\n    ", ""], "run": ["self", "\n    runs the game\n    :return:\n    ", ""], "key_callback": ["self, window, key, scancode, action, mods", "\n    gets keyboard input\n    :param window: window\n    :param key: key pressed\n    :param scancode: scancode\n    :param action: action\n    :param mods: mods\n    :return:\n    ", ""]}]}, "methods": {}}