{"classes": {"GameEntity": ["object", "Basic game entity, contains Entity components", {"set_name": ["self, name", "\n    :param name: New name\n    :return:\n    ", ""], "set_position": ["self, position", "\n    :param position: new position\n    :return:\n    ", ""], "set_rotation": ["self, rotation", "\n    :param rotation: new orientation\n    :return:\n    ", ""], "set_impacts": ["self, impacts", "\n    :param impacts: sets list of impacts\n    :return:\n    ", ""], "move_position": ["self, vector", "\n    :param vector: vector that moves the entity\n    :return:\n    ", ""], "update": ["self", "\n    method that updates the components\n    :return:\n    ", ""], "add_component": ["self, cmp", "\n    :param cmp: new component\n    :return:\n    ", ""]}], "PremadeEntity": ["object", "Not implemented", {}]}, "methods": {}}