{"classes": {}, "methods": {"create_data_ray": ["p, d, t=None", "\n    :param p: Origin\n    :param d: Direction\n    :param t: Distance\n    :return: Ray as data\n    ", ""], "create_data_plane": ["a, b, c", "\n    :param a: point in space\n    :param b: point in space\n    :param c: point in space\n    :return: plain containing a, b and c\n    ", ""], "impact_plane": ["element, ray", "\n    :param element: plain data\n    :param ray: ray data\n    :return: impact data (colision, distance, position and normal)\n    ", ""], "create_data_tri": ["a, b, c", "\n    :param a: point in space\n    :param b: point in space\n    :param c: point in space\n    :return: triangle generated by a, b and c\n    ", ""], "impact_tri": ["element, ray", "\n    :param element: tri data\n    :param ray: ray data\n    :return: impact data (colision, distance, position and normal)\n    ", ""], "create_data_quad": ["a, b, c", "\n    :param a: point in space\n    :param b: point in space\n    :param c: point in space\n    :return: quad generated by a, b and c\n    ", ""], "impact_quad": ["element, ray", "\n    :param element: quad data\n    :param ray: ray data\n    :return: impact data (colision, distance, position and normal)\n    ", ""], "create_data_quad2D": ["a, b, c", "\n    :param a: point in space\n    :param b: point in space\n    :param c: point in space\n    :return: quad2D generated by a, b and c\n    ", ""], "impact_quad2D": ["element, ray", "\n    :param element: quad2D data\n    :param ray: ray data\n    :return: impact data (colision, distance, position and normal)\n    ", ""]}}